{
  "xarm_ip": "192.168.0.203",
  "sweep_delta_j1_deg": 10.0,
  "cycles": 3,
  "speed": 60.0,
  "acc": 600.0,
  "best_candidate": {
    "name": "center_b",
    "center_pose_deg": [
      0.0,
      -17.0,
      -28.0,
      0.0,
      75.0,
      -45.0
    ],
    "ok": true,
    "reason": "ok",
    "segment_times_sec": [
      0.44433752500117407,
      0.6121169420002843,
      0.42098234799777856,
      0.46199360199898365,
      0.5857428939998499,
      0.42730831999870134,
      0.5119576959987171,
      0.6354292249998252,
      0.4138900969992392
    ],
    "mean_segment_time_sec": 0.5015287387771726,
    "std_segment_time_sec": 0.08291271389475303,
    "speed_raw": 1.99390368423991,
    "smoothness_raw": 6.048876164080197,
    "margin_raw": 0.25661914460285135,
    "total_score": 0.9737253335382482
  },
  "all_candidates": [
    {
      "name": "center_a",
      "center_pose_deg": [
        0.0,
        -20.0,
        -35.0,
        0.0,
        100.0,
        -45.0
      ],
      "ok": true,
      "reason": "ok",
      "segment_times_sec": [
        0.40265456000270206,
        0.6017754590029654,
        0.4205363729997771,
        0.47124464100124897,
        0.584889457000827,
        0.4207963370026846,
        0.4042094879987417,
        0.5625429550018453,
        0.4079143730014039
      ],
      "mean_segment_time_sec": 0.4751737381124662,
      "std_segment_time_sec": 0.07921508987039436,
      "speed_raw": 2.104493409026144,
      "smoothness_raw": 5.99852551944218,
      "margin_raw": 0.1935483870967742,
      "total_score": 0.9602202521573203
    },
    {
      "name": "center_b",
      "center_pose_deg": [
        0.0,
        -17.0,
        -28.0,
        0.0,
        75.0,
        -45.0
      ],
      "ok": true,
      "reason": "ok",
      "segment_times_sec": [
        0.44433752500117407,
        0.6121169420002843,
        0.42098234799777856,
        0.46199360199898365,
        0.5857428939998499,
        0.42730831999870134,
        0.5119576959987171,
        0.6354292249998252,
        0.4138900969992392
      ],
      "mean_segment_time_sec": 0.5015287387771726,
      "std_segment_time_sec": 0.08291271389475303,
      "speed_raw": 1.99390368423991,
      "smoothness_raw": 6.048876164080197,
      "margin_raw": 0.25661914460285135,
      "total_score": 0.9737253335382482
    },
    {
      "name": "center_c",
      "center_pose_deg": [
        0.0,
        -26.0,
        -44.0,
        0.0,
        106.0,
        -45.0
      ],
      "ok": true,
      "reason": "ok",
      "segment_times_sec": [
        0.4386641579985735,
        0.5880955930006166,
        0.40213781999773346,
        0.39457894100269186,
        0.6137034650018904,
        0.4183550009984174,
        0.48010841199720744,
        0.6398142079997342,
        0.435447544001363
      ],
      "mean_segment_time_sec": 0.49010057133313645,
      "std_segment_time_sec": 0.09130938141311878,
      "speed_raw": 2.0403975397944785,
      "smoothness_raw": 5.367472254748204,
      "margin_raw": 0.14516129032258066,
      "total_score": 0.8801945087018326
    },
    {
      "name": "center_d",
      "center_pose_deg": [
        0.0,
        -18.0,
        -52.0,
        0.0,
        110.0,
        -45.0
      ],
      "ok": true,
      "reason": "ok",
      "segment_times_sec": [
        0.4260971449984936,
        0.6066195189996506,
        0.4147110320009233,
        0.44324680299905594,
        0.5957448680019297,
        0.3940755510011513,
        0.43353683299937984,
        0.6039860800010501,
        0.45038344299973687
      ],
      "mean_segment_time_sec": 0.48537791933348573,
      "std_segment_time_sec": 0.08398384026361375,
      "speed_raw": 2.060250291923428,
      "smoothness_raw": 5.779420395756506,
      "margin_raw": 0.11290322580645161,
      "total_score": 0.8898917935537836
    }
  ]
}
