{
  "xarm_ip": "192.168.0.203",
  "sweep_delta_j1_deg": 10.0,
  "cycles": 3,
  "speed": 60.0,
  "acc": 600.0,
  "best_candidate": {
    "name": "center_b",
    "center_pose_deg": [
      0.0,
      -17.0,
      -28.0,
      0.0,
      75.0,
      -45.0
    ],
    "ok": true,
    "reason": "ok",
    "segment_times_sec": [
      0.406456987002457,
      0.5575655349966837,
      0.4054026049998356,
      0.40498329600086436,
      0.5567408010028885,
      0.4059857149986783,
      0.40560389600432245,
      0.5578395470001851,
      0.4060158409993164
    ],
    "mean_segment_time_sec": 0.4562882470005813,
    "std_segment_time_sec": 0.07148561253833138,
    "speed_raw": 2.1915971024314507,
    "smoothness_raw": 6.382938199709969,
    "margin_raw": 0.20967741935483872,
    "total_score": 0.9990855855915964
  },
  "all_candidates": [
    {
      "name": "center_a",
      "center_pose_deg": [
        0.0,
        -20.0,
        -35.0,
        0.0,
        100.0,
        -45.0
      ],
      "ok": true,
      "reason": "ok",
      "segment_times_sec": [
        0.40499522499885643,
        0.5568438150003203,
        0.4058158849948086,
        0.4058556480013067,
        0.557247209995694,
        0.40595458100142423,
        0.4051550000003772,
        0.5577594670030521,
        0.4062872100039385
      ],
      "mean_segment_time_sec": 0.45621267122219755,
      "std_segment_time_sec": 0.07146915621058349,
      "speed_raw": 2.191960160424724,
      "smoothness_raw": 6.3833504606934115,
      "margin_raw": 0.1935483870967742,
      "total_score": 0.9876524919577786
    },
    {
      "name": "center_b",
      "center_pose_deg": [
        0.0,
        -17.0,
        -28.0,
        0.0,
        75.0,
        -45.0
      ],
      "ok": true,
      "reason": "ok",
      "segment_times_sec": [
        0.406456987002457,
        0.5575655349966837,
        0.4054026049998356,
        0.40498329600086436,
        0.5567408010028885,
        0.4059857149986783,
        0.40560389600432245,
        0.5578395470001851,
        0.4060158409993164
      ],
      "mean_segment_time_sec": 0.4562882470005813,
      "std_segment_time_sec": 0.07148561253833138,
      "speed_raw": 2.1915971024314507,
      "smoothness_raw": 6.382938199709969,
      "margin_raw": 0.20967741935483872,
      "total_score": 0.9990855855915964
    },
    {
      "name": "center_c",
      "center_pose_deg": [
        0.0,
        -26.0,
        -44.0,
        0.0,
        106.0,
        -45.0
      ],
      "ok": true,
      "reason": "ok",
      "segment_times_sec": [
        0.40672691600047983,
        0.5583355899943854,
        0.4064692530009779,
        0.40742960500210756,
        0.5576544880022993,
        0.40576503299962496,
        0.40533807099564,
        0.5589615350036183,
        0.4048175279967836
      ],
      "mean_segment_time_sec": 0.45683311322176856,
      "std_segment_time_sec": 0.07176433831006652,
      "speed_raw": 2.188983178009148,
      "smoothness_raw": 6.36573992012531,
      "margin_raw": 0.14516129032258066,
      "total_score": 0.9513946824029246
    },
    {
      "name": "center_d",
      "center_pose_deg": [
        0.0,
        -18.0,
        -52.0,
        0.0,
        110.0,
        -45.0
      ],
      "ok": true,
      "reason": "ok",
      "segment_times_sec": [
        0.40622350399644347,
        0.557774763998168,
        0.4068133859982481,
        0.40643061099399347,
        0.5578610320008011,
        0.406068303003849,
        0.4066596109987586,
        0.5583110799998394,
        0.40663568800664507
      ],
      "mean_segment_time_sec": 0.4569753309996385,
      "std_segment_time_sec": 0.07142315109489641,
      "speed_raw": 2.1883019326502575,
      "smoothness_raw": 6.398140154758476,
      "margin_raw": 0.11290322580645161,
      "total_score": 0.9299347658367665
    }
  ]
}
